X,Y,Z,distance,wavelength_865_nm
32.02500534,52.16274261,489.3924255,493.2053219,0.000467
21.76969719,30.63259888,499.4081116,500.8200685,0.000441
19.72041893,19.06237602,482.5933533,483.372131,0.000438
17.44868469,14.53856945,474.4946594,475.0379029,0.000337
16.95165825,30.34527016,478.7242432,479.9844972,0.000443
15.54120731,11.00640297,475.4961243,475.8773194,0.000455
15.72142792,32.79197693,481.0101013,482.3828131,0.000522
15.3419733,50.86026001,489.8233337,492.6956788,0.000511
14.25599766,8.74636745,475.853302,476.1471559,0.000489
13.9750433,54.1085434,488.7013855,491.8862611,0.00052
13.25851059,52.56097794,486.8390808,489.8476561,0.000448
13.29485703,53.04125595,488.1736755,491.2267149,0.000516
-0.69740784,66.98020935,512.2884522,516.649109,0.000515
-3.31594372,25.22328758,487.1452332,487.809082,0.000494
-3.99189401,26.30474281,488.7042542,489.427948,0.000521
-5.55039215,62.04959869,509.6177368,513.411316,0.000395
-8.73455238,53.61908722,493.4918518,496.4730826,0.000472
-12.98799515,22.9106636,502.0184326,502.7087403,0.000484
-14.62531757,56.40674591,488.1808777,491.646423,0.00049
-19.05068588,41.46619034,482.2973938,484.4513851,0.00051
-23.19536018,56.54154205,486.4433289,490.2673651,0.000446
-26.34390831,49.85063934,483.302124,486.579926,0.000471
-26.66109085,17.87221527,477.1673889,478.2456971,0.000479
-27.37131691,19.86654282,478.1903687,479.3848878,0.000449
-27.40569305,20.5444603,478.7909241,480.0144649,0.000511
-29.0184288,23.73295403,483.8707886,485.3208011,0.00046
-30.03951263,26.44004631,479.0654297,480.7339779,0.000482
-30.89575768,48.74298859,482.2095337,485.6505739,0.00046
